Actual,Predicted,RMSE,MAE,R2
17.32887934840434,17.330694,0.1303073979842267,0.02996608803541766,0.9997516726498122
1.791759469228055,0.018779755,0.1303073979842267,0.02996608803541766,0.9997516726498122
15.446479211488544,15.417526,0.1303073979842267,0.02996608803541766,0.9997516726498122
18.384106516963246,18.379877,0.1303073979842267,0.02996608803541766,0.9997516726498122
20.65494331001405,20.678396,0.1303073979842267,0.02996608803541766,0.9997516726498122
18.958248764893437,18.968092,0.1303073979842267,0.02996608803541766,0.9997516726498122
0.0,0.019252233,0.1303073979842267,0.02996608803541766,0.9997516726498122
19.615947901863972,19.598276,0.1303073979842267,0.02996608803541766,0.9997516726498122
16.516832709750126,16.516077,0.1303073979842267,0.02996608803541766,0.9997516726498122
11.585804110382801,11.4539795,0.1303073979842267,0.02996608803541766,0.9997516726498122
0.0,0.0011927964,0.1303073979842267,0.02996608803541766,0.9997516726498122
16.49781400439686,16.485636,0.1303073979842267,0.02996608803541766,0.9997516726498122
0.0,0.02223744,0.1303073979842267,0.02996608803541766,0.9997516726498122
17.157049049257896,17.127245,0.1303073979842267,0.02996608803541766,0.9997516726498122
19.383589499749352,19.385149,0.1303073979842267,0.02996608803541766,0.9997516726498122
19.172045152055585,19.149103,0.1303073979842267,0.02996608803541766,0.9997516726498122
0.0,0.014162316,0.1303073979842267,0.02996608803541766,0.9997516726498122
0.0,0.015547017,0.1303073979842267,0.02996608803541766,0.9997516726498122
16.240459290722136,16.243567,0.1303073979842267,0.02996608803541766,0.9997516726498122
0.0,0.028181704,0.1303073979842267,0.02996608803541766,0.9997516726498122
0.0,0.030111076,0.1303073979842267,0.02996608803541766,0.9997516726498122
18.029590382341286,18.05399,0.1303073979842267,0.02996608803541766,0.9997516726498122
0.0,0.02359427,0.1303073979842267,0.02996608803541766,0.9997516726498122
17.92182873285675,17.91828,0.1303073979842267,0.02996608803541766,0.9997516726498122
17.827340562785707,17.824327,0.1303073979842267,0.02996608803541766,0.9997516726498122
18.70910896546569,18.683342,0.1303073979842267,0.02996608803541766,0.9997516726498122
0.0,0.0010213241,0.1303073979842267,0.02996608803541766,0.9997516726498122
17.34059406165384,17.325972,0.1303073979842267,0.02996608803541766,0.9997516726498122
15.077722458649065,15.10189,0.1303073979842267,0.02996608803541766,0.9997516726498122
18.820914566046213,18.814577,0.1303073979842267,0.02996608803541766,0.9997516726498122
0.0,0.0074571264,0.1303073979842267,0.02996608803541766,0.9997516726498122
16.038778704856128,16.027126,0.1303073979842267,0.02996608803541766,0.9997516726498122
19.013725787096668,19.015701,0.1303073979842267,0.02996608803541766,0.9997516726498122
13.68346720052319,13.678138,0.1303073979842267,0.02996608803541766,0.9997516726498122
17.156889319986288,17.125227,0.1303073979842267,0.02996608803541766,0.9997516726498122
15.487267467714272,15.484161,0.1303073979842267,0.02996608803541766,0.9997516726498122
19.73503557054199,19.706747,0.1303073979842267,0.02996608803541766,0.9997516726498122
18.858832676030932,18.855778,0.1303073979842267,0.02996608803541766,0.9997516726498122
16.52356082573315,16.511332,0.1303073979842267,0.02996608803541766,0.9997516726498122
11.856430059355572,11.950498,0.1303073979842267,0.02996608803541766,0.9997516726498122
19.94534380777439,19.948484,0.1303073979842267,0.02996608803541766,0.9997516726498122
18.57969228775781,18.569147,0.1303073979842267,0.02996608803541766,0.9997516726498122
17.78933697251896,17.808609,0.1303073979842267,0.02996608803541766,0.9997516726498122
20.25155408088234,20.22483,0.1303073979842267,0.02996608803541766,0.9997516726498122
13.816947525032393,13.87576,0.1303073979842267,0.02996608803541766,0.9997516726498122
20.15012024966736,20.161514,0.1303073979842267,0.02996608803541766,0.9997516726498122
17.437258211295774,17.438112,0.1303073979842267,0.02996608803541766,0.9997516726498122
0.0,0.045218237,0.1303073979842267,0.02996608803541766,0.9997516726498122
18.80551387574951,18.814577,0.1303073979842267,0.02996608803541766,0.9997516726498122
16.509883449648857,16.512432,0.1303073979842267,0.02996608803541766,0.9997516726498122
0.0,0.0038305633,0.1303073979842267,0.02996608803541766,0.9997516726498122
16.778284111099545,16.760433,0.1303073979842267,0.02996608803541766,0.9997516726498122
16.012735246411598,16.017897,0.1303073979842267,0.02996608803541766,0.9997516726498122
0.0,0.030118205,0.1303073979842267,0.02996608803541766,0.9997516726498122
0.0,0.0139065115,0.1303073979842267,0.02996608803541766,0.9997516726498122
0.0,0.08965958,0.1303073979842267,0.02996608803541766,0.9997516726498122
18.468291489070978,18.448895,0.1303073979842267,0.02996608803541766,0.9997516726498122
17.492183666837207,17.487804,0.1303073979842267,0.02996608803541766,0.9997516726498122
0.0,0.004834834,0.1303073979842267,0.02996608803541766,0.9997516726498122
17.354058106442366,17.332634,0.1303073979842267,0.02996608803541766,0.9997516726498122
0.0,-0.0012289679,0.1303073979842267,0.02996608803541766,0.9997516726498122
17.826196697575636,17.818346,0.1303073979842267,0.02996608803541766,0.9997516726498122
16.390398593507353,16.363562,0.1303073979842267,0.02996608803541766,0.9997516726498122
16.296070691990323,16.263607,0.1303073979842267,0.02996608803541766,0.9997516726498122
19.42466153612519,19.399689,0.1303073979842267,0.02996608803541766,0.9997516726498122
17.472599919358508,17.453201,0.1303073979842267,0.02996608803541766,0.9997516726498122
18.811675215602623,18.814577,0.1303073979842267,0.02996608803541766,0.9997516726498122
14.978661680269907,14.9322605,0.1303073979842267,0.02996608803541766,0.9997516726498122
0.0,0.0031450754,0.1303073979842267,0.02996608803541766,0.9997516726498122
17.434816784717363,17.440119,0.1303073979842267,0.02996608803541766,0.9997516726498122
0.0,0.019987987,0.1303073979842267,0.02996608803541766,0.9997516726498122
0.0,0.014373705,0.1303073979842267,0.02996608803541766,0.9997516726498122
18.260132107446047,18.23184,0.1303073979842267,0.02996608803541766,0.9997516726498122
14.77545677024336,14.713816,0.1303073979842267,0.02996608803541766,0.9997516726498122
17.278517553180393,17.299717,0.1303073979842267,0.02996608803541766,0.9997516726498122
0.0,0.02358299,0.1303073979842267,0.02996608803541766,0.9997516726498122
0.0,0.0009176332,0.1303073979842267,0.02996608803541766,0.9997516726498122
0.0,0.025572276,0.1303073979842267,0.02996608803541766,0.9997516726498122
0.0,0.022081332,0.1303073979842267,0.02996608803541766,0.9997516726498122
17.774885245823864,17.764301,0.1303073979842267,0.02996608803541766,0.9997516726498122
0.0,0.0071358643,0.1303073979842267,0.02996608803541766,0.9997516726498122
0.0,0.053663447,0.1303073979842267,0.02996608803541766,0.9997516726498122
18.402108991618697,18.38189,0.1303073979842267,0.02996608803541766,0.9997516726498122
17.49078356276184,17.487804,0.1303073979842267,0.02996608803541766,0.9997516726498122
11.695255355062795,11.918281,0.1303073979842267,0.02996608803541766,0.9997516726498122
0.0,0.008234796,0.1303073979842267,0.02996608803541766,0.9997516726498122
0.0,0.014373705,0.1303073979842267,0.02996608803541766,0.9997516726498122
18.04521275463237,18.04711,0.1303073979842267,0.02996608803541766,0.9997516726498122
17.92432683133892,17.920315,0.1303073979842267,0.02996608803541766,0.9997516726498122
0.0,0.038117807,0.1303073979842267,0.02996608803541766,0.9997516726498122
17.909855136853043,17.920252,0.1303073979842267,0.02996608803541766,0.9997516726498122
16.462395316032616,16.461252,0.1303073979842267,0.02996608803541766,0.9997516726498122
15.685964287657903,15.7165165,0.1303073979842267,0.02996608803541766,0.9997516726498122
20.727813923702396,21.099573,0.1303073979842267,0.02996608803541766,0.9997516726498122
0.0,0.026652595,0.1303073979842267,0.02996608803541766,0.9997516726498122
20.30016293085726,20.300365,0.1303073979842267,0.02996608803541766,0.9997516726498122
17.94541611588955,17.930134,0.1303073979842267,0.02996608803541766,0.9997516726498122
16.38512930453304,16.358868,0.1303073979842267,0.02996608803541766,0.9997516726498122
0.0,0.05623606,0.1303073979842267,0.02996608803541766,0.9997516726498122
17.462955798940374,17.461557,0.1303073979842267,0.02996608803541766,0.9997516726498122
0.0,-0.0052283634,0.1303073979842267,0.02996608803541766,0.9997516726498122
18.05405971558002,18.055115,0.1303073979842267,0.02996608803541766,0.9997516726498122
0.0,0.007870037,0.1303073979842267,0.02996608803541766,0.9997516726498122
14.054939184687509,14.079131,0.1303073979842267,0.02996608803541766,0.9997516726498122
0.0,0.1667145,0.1303073979842267,0.02996608803541766,0.9997516726498122
16.134608854419294,16.113434,0.1303073979842267,0.02996608803541766,0.9997516726498122
0.0,0.02901441,0.1303073979842267,0.02996608803541766,0.9997516726498122
0.0,0.023889106,0.1303073979842267,0.02996608803541766,0.9997516726498122
18.762623397663386,18.755325,0.1303073979842267,0.02996608803541766,0.9997516726498122
15.467528726270801,15.479132,0.1303073979842267,0.02996608803541766,0.9997516726498122
18.168525905482866,18.15778,0.1303073979842267,0.02996608803541766,0.9997516726498122
0.0,0.005378824,0.1303073979842267,0.02996608803541766,0.9997516726498122
16.258044706261547,16.241161,0.1303073979842267,0.02996608803541766,0.9997516726498122
18.326773949941376,18.325268,0.1303073979842267,0.02996608803541766,0.9997516726498122
0.0,0.01596183,0.1303073979842267,0.02996608803541766,0.9997516726498122
0.0,0.09804664,0.1303073979842267,0.02996608803541766,0.9997516726498122
0.0,0.002117151,0.1303073979842267,0.02996608803541766,0.9997516726498122
15.211206336935915,15.208137,0.1303073979842267,0.02996608803541766,0.9997516726498122
0.0,0.036608845,0.1303073979842267,0.02996608803541766,0.9997516726498122
17.984139542248087,17.982834,0.1303073979842267,0.02996608803541766,0.9997516726498122
17.648850507639814,17.625889,0.1303073979842267,0.02996608803541766,0.9997516726498122
18.88575015745272,18.87216,0.1303073979842267,0.02996608803541766,0.9997516726498122
11.72407740343206,12.525513,0.1303073979842267,0.02996608803541766,0.9997516726498122
17.17878147124361,17.198364,0.1303073979842267,0.02996608803541766,0.9997516726498122
0.0,0.015957113,0.1303073979842267,0.02996608803541766,0.9997516726498122
0.0,0.033760235,0.1303073979842267,0.02996608803541766,0.9997516726498122
9.210440366976517,9.360598,0.1303073979842267,0.02996608803541766,0.9997516726498122
19.86846579644804,19.848066,0.1303073979842267,0.02996608803541766,0.9997516726498122
19.433348181235623,19.454927,0.1303073979842267,0.02996608803541766,0.9997516726498122
0.0,0.023593064,0.1303073979842267,0.02996608803541766,0.9997516726498122
0.0,0.08168421,0.1303073979842267,0.02996608803541766,0.9997516726498122
17.78252531504748,17.769047,0.1303073979842267,0.02996608803541766,0.9997516726498122
0.0,0.08220332,0.1303073979842267,0.02996608803541766,0.9997516726498122
19.391859376668226,19.384958,0.1303073979842267,0.02996608803541766,0.9997516726498122
16.801192546169812,16.75816,0.1303073979842267,0.02996608803541766,0.9997516726498122
0.0,0.007310441,0.1303073979842267,0.02996608803541766,0.9997516726498122
14.967979835279014,14.920496,0.1303073979842267,0.02996608803541766,0.9997516726498122
19.004376859508994,18.994207,0.1303073979842267,0.02996608803541766,0.9997516726498122
0.0,0.014238713,0.1303073979842267,0.02996608803541766,0.9997516726498122
0.0,0.009455205,0.1303073979842267,0.02996608803541766,0.9997516726498122
17.78523655669983,17.767374,0.1303073979842267,0.02996608803541766,0.9997516726498122
18.55896430710677,18.549417,0.1303073979842267,0.02996608803541766,0.9997516726498122
18.602508979083197,18.600136,0.1303073979842267,0.02996608803541766,0.9997516726498122
0.0,0.045488067,0.1303073979842267,0.02996608803541766,0.9997516726498122
16.9461678338675,16.942034,0.1303073979842267,0.02996608803541766,0.9997516726498122
19.52262082603541,19.506987,0.1303073979842267,0.02996608803541766,0.9997516726498122
0.0,0.00926981,0.1303073979842267,0.02996608803541766,0.9997516726498122
18.59882693770404,18.600182,0.1303073979842267,0.02996608803541766,0.9997516726498122
0.0,0.014535862,0.1303073979842267,0.02996608803541766,0.9997516726498122
19.264905735051826,19.281202,0.1303073979842267,0.02996608803541766,0.9997516726498122
0.0,0.0126706045,0.1303073979842267,0.02996608803541766,0.9997516726498122
17.744924382655586,17.730993,0.1303073979842267,0.02996608803541766,0.9997516726498122
19.095650796975278,19.08993,0.1303073979842267,0.02996608803541766,0.9997516726498122
18.40899141922545,18.38189,0.1303073979842267,0.02996608803541766,0.9997516726498122
17.909855136853043,17.914396,0.1303073979842267,0.02996608803541766,0.9997516726498122
17.866764373437423,17.863016,0.1303073979842267,0.02996608803541766,0.9997516726498122
19.434645056960065,19.449343,0.1303073979842267,0.02996608803541766,0.9997516726498122
20.353955245531218,20.302214,0.1303073979842267,0.02996608803541766,0.9997516726498122
0.0,0.016014764,0.1303073979842267,0.02996608803541766,0.9997516726498122
18.956459923820983,18.968836,0.1303073979842267,0.02996608803541766,0.9997516726498122
0.0,-0.0013277249,0.1303073979842267,0.02996608803541766,0.9997516726498122
0.0,0.010394584,0.1303073979842267,0.02996608803541766,0.9997516726498122
0.0,0.07333122,0.1303073979842267,0.02996608803541766,0.9997516726498122
12.46220599967004,12.521857,0.1303073979842267,0.02996608803541766,0.9997516726498122
0.0,0.029070308,0.1303073979842267,0.02996608803541766,0.9997516726498122
17.9514599761906,17.96187,0.1303073979842267,0.02996608803541766,0.9997516726498122
16.951004817371683,16.949366,0.1303073979842267,0.02996608803541766,0.9997516726498122
0.0,0.023838615,0.1303073979842267,0.02996608803541766,0.9997516726498122
18.63825024507294,18.640755,0.1303073979842267,0.02996608803541766,0.9997516726498122
19.985555340593802,19.991648,0.1303073979842267,0.02996608803541766,0.9997516726498122
11.854150674015479,11.886088,0.1303073979842267,0.02996608803541766,0.9997516726498122
19.117842530188174,19.097172,0.1303073979842267,0.02996608803541766,0.9997516726498122
17.91530691544067,17.920206,0.1303073979842267,0.02996608803541766,0.9997516726498122
0.0,0.036599614,0.1303073979842267,0.02996608803541766,0.9997516726498122
17.568875664630763,17.55289,0.1303073979842267,0.02996608803541766,0.9997516726498122
19.738568030722654,19.70658,0.1303073979842267,0.02996608803541766,0.9997516726498122
19.56857961323741,19.559343,0.1303073979842267,0.02996608803541766,0.9997516726498122
19.40661629634851,19.401628,0.1303073979842267,0.02996608803541766,0.9997516726498122
15.838874880514219,15.84177,0.1303073979842267,0.02996608803541766,0.9997516726498122
15.920039268533248,15.952972,0.1303073979842267,0.02996608803541766,0.9997516726498122
18.88648984470036,18.873356,0.1303073979842267,0.02996608803541766,0.9997516726498122
17.900118102247056,17.892658,0.1303073979842267,0.02996608803541766,0.9997516726498122
19.341647756960775,19.328936,0.1303073979842267,0.02996608803541766,0.9997516726498122
0.0,2.9103585e-05,0.1303073979842267,0.02996608803541766,0.9997516726498122
13.525765024707482,13.504075,0.1303073979842267,0.02996608803541766,0.9997516726498122
19.560349956342705,19.559343,0.1303073979842267,0.02996608803541766,0.9997516726498122
0.0,0.04729944,0.1303073979842267,0.02996608803541766,0.9997516726498122
18.89692547568809,18.902283,0.1303073979842267,0.02996608803541766,0.9997516726498122
13.02382398931465,13.081107,0.1303073979842267,0.02996608803541766,0.9997516726498122
14.71222940391941,14.715788,0.1303073979842267,0.02996608803541766,0.9997516726498122
0.0,0.016053116,0.1303073979842267,0.02996608803541766,0.9997516726498122
16.031666031987402,16.017715,0.1303073979842267,0.02996608803541766,0.9997516726498122
0.0,0.004834834,0.1303073979842267,0.02996608803541766,0.9997516726498122
18.263396044879872,18.237503,0.1303073979842267,0.02996608803541766,0.9997516726498122
16.64120582965057,16.636816,0.1303073979842267,0.02996608803541766,0.9997516726498122
20.865897133567135,20.968353,0.1303073979842267,0.02996608803541766,0.9997516726498122
0.0,0.03856685,0.1303073979842267,0.02996608803541766,0.9997516726498122
17.067303307255134,17.045996,0.1303073979842267,0.02996608803541766,0.9997516726498122
17.118263305883236,17.112799,0.1303073979842267,0.02996608803541766,0.9997516726498122
19.14049662725226,19.151152,0.1303073979842267,0.02996608803541766,0.9997516726498122
16.73611300668165,16.7258,0.1303073979842267,0.02996608803541766,0.9997516726498122
16.687441207942623,16.70199,0.1303073979842267,0.02996608803541766,0.9997516726498122
17.196247341915182,17.189611,0.1303073979842267,0.02996608803541766,0.9997516726498122
18.26477882660341,18.240242,0.1303073979842267,0.02996608803541766,0.9997516726498122
0.0,0.026511913,0.1303073979842267,0.02996608803541766,0.9997516726498122
18.95874910743223,18.966896,0.1303073979842267,0.02996608803541766,0.9997516726498122
14.074935892620566,14.055946,0.1303073979842267,0.02996608803541766,0.9997516726498122
17.606204718778976,17.603176,0.1303073979842267,0.02996608803541766,0.9997516726498122
14.939407479066372,14.926249,0.1303073979842267,0.02996608803541766,0.9997516726498122
17.983295511224068,17.992863,0.1303073979842267,0.02996608803541766,0.9997516726498122
0.0,0.01643562,0.1303073979842267,0.02996608803541766,0.9997516726498122
13.533479157021308,13.484917,0.1303073979842267,0.02996608803541766,0.9997516726498122
0.0,0.008381485,0.1303073979842267,0.02996608803541766,0.9997516726498122
16.745112430678926,16.767313,0.1303073979842267,0.02996608803541766,0.9997516726498122
12.855651877386176,12.904305,0.1303073979842267,0.02996608803541766,0.9997516726498122
17.49744336489725,17.487913,0.1303073979842267,0.02996608803541766,0.9997516726498122
19.886278943695427,19.896631,0.1303073979842267,0.02996608803541766,0.9997516726498122
15.704741657257914,15.711547,0.1303073979842267,0.02996608803541766,0.9997516726498122
17.57907056134979,17.558647,0.1303073979842267,0.02996608803541766,0.9997516726498122
14.895823428950301,14.90831,0.1303073979842267,0.02996608803541766,0.9997516726498122
18.351144206848897,18.353506,0.1303073979842267,0.02996608803541766,0.9997516726498122
18.132998684833918,18.159815,0.1303073979842267,0.02996608803541766,0.9997516726498122
18.15501853825005,18.159815,0.1303073979842267,0.02996608803541766,0.9997516726498122
0.0,0.0059536183,0.1303073979842267,0.02996608803541766,0.9997516726498122
19.65439849241767,19.644423,0.1303073979842267,0.02996608803541766,0.9997516726498122
17.00440417496742,17.02821,0.1303073979842267,0.02996608803541766,0.9997516726498122
17.036464262544413,17.0447,0.1303073979842267,0.02996608803541766,0.9997516726498122
0.0,0.017740652,0.1303073979842267,0.02996608803541766,0.9997516726498122
0.0,0.017318666,0.1303073979842267,0.02996608803541766,0.9997516726498122
17.599700214609808,17.60313,0.1303073979842267,0.02996608803541766,0.9997516726498122
0.0,0.011751408,0.1303073979842267,0.02996608803541766,0.9997516726498122
19.54163078690228,19.560545,0.1303073979842267,0.02996608803541766,0.9997516726498122
19.601706543103397,19.599663,0.1303073979842267,0.02996608803541766,0.9997516726498122
19.62644818894696,19.600515,0.1303073979842267,0.02996608803541766,0.9997516726498122
18.9621025404429,18.966896,0.1303073979842267,0.02996608803541766,0.9997516726498122
19.725970454254732,19.70658,0.1303073979842267,0.02996608803541766,0.9997516726498122
19.04002077403029,19.025917,0.1303073979842267,0.02996608803541766,0.9997516726498122
14.539219435756674,14.558715,0.1303073979842267,0.02996608803541766,0.9997516726498122
18.870707023138788,18.867138,0.1303073979842267,0.02996608803541766,0.9997516726498122
15.424948670398354,15.416132,0.1303073979842267,0.02996608803541766,0.9997516726498122
0.0,0.028433125,0.1303073979842267,0.02996608803541766,0.9997516726498122
16.855664802340982,16.861353,0.1303073979842267,0.02996608803541766,0.9997516726498122
16.58422089397781,16.618351,0.1303073979842267,0.02996608803541766,0.9997516726498122
0.0,0.010952475,0.1303073979842267,0.02996608803541766,0.9997516726498122
20.291556844485267,20.29768,0.1303073979842267,0.02996608803541766,0.9997516726498122
16.552265410217057,16.534723,0.1303073979842267,0.02996608803541766,0.9997516726498122
18.127765951335714,18.153833,0.1303073979842267,0.02996608803541766,0.9997516726498122
0.0,0.014373705,0.1303073979842267,0.02996608803541766,0.9997516726498122
0.0,0.020823091,0.1303073979842267,0.02996608803541766,0.9997516726498122
17.3257512056269,17.322866,0.1303073979842267,0.02996608803541766,0.9997516726498122
20.78685998699344,20.678288,0.1303073979842267,0.02996608803541766,0.9997516726498122
18.396093448565942,18.380026,0.1303073979842267,0.02996608803541766,0.9997516726498122
15.732433317205148,15.710916,0.1303073979842267,0.02996608803541766,0.9997516726498122
18.204683782323396,18.196283,0.1303073979842267,0.02996608803541766,0.9997516726498122
16.446377509243835,16.493895,0.1303073979842267,0.02996608803541766,0.9997516726498122
0.0,0.04546061,0.1303073979842267,0.02996608803541766,0.9997516726498122
14.063289744635927,14.068286,0.1303073979842267,0.02996608803541766,0.9997516726498122
16.118095750958314,16.130556,0.1303073979842267,0.02996608803541766,0.9997516726498122
19.057340172787065,19.025917,0.1303073979842267,0.02996608803541766,0.9997516726498122
0.0,0.012464577,0.1303073979842267,0.02996608803541766,0.9997516726498122
0.0,0.01634595,0.1303073979842267,0.02996608803541766,0.9997516726498122
16.647220419415557,16.642735,0.1303073979842267,0.02996608803541766,0.9997516726498122
0.0,0.07242427,0.1303073979842267,0.02996608803541766,0.9997516726498122
17.312018149733785,17.303556,0.1303073979842267,0.02996608803541766,0.9997516726498122
17.268569952263096,17.308136,0.1303073979842267,0.02996608803541766,0.9997516726498122
16.645884521851954,16.642044,0.1303073979842267,0.02996608803541766,0.9997516726498122
19.459439282564375,19.452988,0.1303073979842267,0.02996608803541766,0.9997516726498122
16.800062969100857,16.764204,0.1303073979842267,0.02996608803541766,0.9997516726498122
17.050474118455163,17.04276,0.1303073979842267,0.02996608803541766,0.9997516726498122
0.0,-0.004438145,0.1303073979842267,0.02996608803541766,0.9997516726498122
16.569152671419463,16.534723,0.1303073979842267,0.02996608803541766,0.9997516726498122
18.923485208057233,18.900343,0.1303073979842267,0.02996608803541766,0.9997516726498122
18.142295310195728,18.159752,0.1303073979842267,0.02996608803541766,0.9997516726498122
17.39046293577102,17.382156,0.1303073979842267,0.02996608803541766,0.9997516726498122
0.0,0.010454578,0.1303073979842267,0.02996608803541766,0.9997516726498122
18.66278138872916,18.655945,0.1303073979842267,0.02996608803541766,0.9997516726498122
0.0,0.0073639397,0.1303073979842267,0.02996608803541766,0.9997516726498122
16.18452382308035,16.185135,0.1303073979842267,0.02996608803541766,0.9997516726498122
0.0,-0.24380715,0.1303073979842267,0.02996608803541766,0.9997516726498122
18.99758388649131,18.994207,0.1303073979842267,0.02996608803541766,0.9997516726498122
0.0,0.012515421,0.1303073979842267,0.02996608803541766,0.9997516726498122
0.0,0.044326227,0.1303073979842267,0.02996608803541766,0.9997516726498122
0.0,0.032452025,0.1303073979842267,0.02996608803541766,0.9997516726498122
19.028334151742275,19.025963,0.1303073979842267,0.02996608803541766,0.9997516726498122
19.40443253842639,19.396044,0.1303073979842267,0.02996608803541766,0.9997516726498122
14.56813440757729,14.564635,0.1303073979842267,0.02996608803541766,0.9997516726498122
0.0,0.010697161,0.1303073979842267,0.02996608803541766,0.9997516726498122
17.48775689557179,17.487867,0.1303073979842267,0.02996608803541766,0.9997516726498122
18.107341291338273,18.084538,0.1303073979842267,0.02996608803541766,0.9997516726498122
19.969633776930614,19.947397,0.1303073979842267,0.02996608803541766,0.9997516726498122
19.351369043639632,19.328936,0.1303073979842267,0.02996608803541766,0.9997516726498122
19.413777797586818,19.400051,0.1303073979842267,0.02996608803541766,0.9997516726498122
16.860470090623977,16.861277,0.1303073979842267,0.02996608803541766,0.9997516726498122
18.153928989511897,18.159924,0.1303073979842267,0.02996608803541766,0.9997516726498122
0.0,0.025472656,0.1303073979842267,0.02996608803541766,0.9997516726498122
13.649107624892252,13.66504,0.1303073979842267,0.02996608803541766,0.9997516726498122
19.732663656064677,19.70658,0.1303073979842267,0.02996608803541766,0.9997516726498122
0.0,0.01049233,0.1303073979842267,0.02996608803541766,0.9997516726498122
14.150041626022011,14.080385,0.1303073979842267,0.02996608803541766,0.9997516726498122
0.0,0.0008770671,0.1303073979842267,0.02996608803541766,0.9997516726498122
18.237457504764997,18.237612,0.1303073979842267,0.02996608803541766,0.9997516726498122
16.83104550783405,16.863533,0.1303073979842267,0.02996608803541766,0.9997516726498122
0.0,0.028990254,0.1303073979842267,0.02996608803541766,0.9997516726498122
15.158411391839309,15.093997,0.1303073979842267,0.02996608803541766,0.9997516726498122
0.0,0.120344274,0.1303073979842267,0.02996608803541766,0.9997516726498122
16.6453532866971,16.642797,0.1303073979842267,0.02996608803541766,0.9997516726498122
6.675823221634848,4.5075912,0.1303073979842267,0.02996608803541766,0.9997516726498122
11.207853053314365,10.9185,0.1303073979842267,0.02996608803541766,0.9997516726498122
0.0,0.011751408,0.1303073979842267,0.02996608803541766,0.9997516726498122
0.0,0.03957689,0.1303073979842267,0.02996608803541766,0.9997516726498122
18.326790602416278,18.328548,0.1303073979842267,0.02996608803541766,0.9997516726498122
18.50000723520414,18.528349,0.1303073979842267,0.02996608803541766,0.9997516726498122
18.978010028401325,18.970795,0.1303073979842267,0.02996608803541766,0.9997516726498122
20.49881914441239,20.509085,0.1303073979842267,0.02996608803541766,0.9997516726498122
18.560066093686284,18.56062,0.1303073979842267,0.02996608803541766,0.9997516726498122
16.524104744412956,16.53211,0.1303073979842267,0.02996608803541766,0.9997516726498122
19.275051751977376,19.279696,0.1303073979842267,0.02996608803541766,0.9997516726498122
18.47247845709938,18.448895,0.1303073979842267,0.02996608803541766,0.9997516726498122
0.0,0.0054952367,0.1303073979842267,0.02996608803541766,0.9997516726498122
18.066858883241053,18.063349,0.1303073979842267,0.02996608803541766,0.9997516726498122
0.0,0.024352163,0.1303073979842267,0.02996608803541766,0.9997516726498122
16.665776615666065,16.633171,0.1303073979842267,0.02996608803541766,0.9997516726498122
0.0,0.010786834,0.1303073979842267,0.02996608803541766,0.9997516726498122
18.5436633583398,18.54948,0.1303073979842267,0.02996608803541766,0.9997516726498122
19.391157270698248,19.385067,0.1303073979842267,0.02996608803541766,0.9997516726498122
17.642340967780378,17.627815,0.1303073979842267,0.02996608803541766,0.9997516726498122
0.0,0.011751408,0.1303073979842267,0.02996608803541766,0.9997516726498122
19.550331354719273,19.55731,0.1303073979842267,0.02996608803541766,0.9997516726498122
18.44288021221522,18.43701,0.1303073979842267,0.02996608803541766,0.9997516726498122
19.296812827909918,19.279633,0.1303073979842267,0.02996608803541766,0.9997516726498122
17.1598366610298,17.128376,0.1303073979842267,0.02996608803541766,0.9997516726498122
0.0,0.011044348,0.1303073979842267,0.02996608803541766,0.9997516726498122
0.0,0.02388961,0.1303073979842267,0.02996608803541766,0.9997516726498122
17.32392953240539,17.330803,0.1303073979842267,0.02996608803541766,0.9997516726498122
15.607270193858982,15.616373,0.1303073979842267,0.02996608803541766,0.9997516726498122
19.19026900641899,19.1944,0.1303073979842267,0.02996608803541766,0.9997516726498122
16.362155092014994,16.353256,0.1303073979842267,0.02996608803541766,0.9997516726498122
18.302806951677724,18.317095,0.1303073979842267,0.02996608803541766,0.9997516726498122
18.457386055749968,18.448895,0.1303073979842267,0.02996608803541766,0.9997516726498122
19.6661367817319,19.648067,0.1303073979842267,0.02996608803541766,0.9997516726498122
18.42033822529955,18.433365,0.1303073979842267,0.02996608803541766,0.9997516726498122
18.376884288439136,18.37994,0.1303073979842267,0.02996608803541766,0.9997516726498122
19.41391073894773,19.399689,0.1303073979842267,0.02996608803541766,0.9997516726498122
17.48043184346782,17.485832,0.1303073979842267,0.02996608803541766,0.9997516726498122
18.821438804607354,18.815836,0.1303073979842267,0.02996608803541766,0.9997516726498122
0.0,0.021171937,0.1303073979842267,0.02996608803541766,0.9997516726498122
15.955576839107596,15.983759,0.1303073979842267,0.02996608803541766,0.9997516726498122
0.0,0.013016875,0.1303073979842267,0.02996608803541766,0.9997516726498122
0.0,0.011761026,0.1303073979842267,0.02996608803541766,0.9997516726498122
0.0,0.041650426,0.1303073979842267,0.02996608803541766,0.9997516726498122
19.204931628580656,19.209934,0.1303073979842267,0.02996608803541766,0.9997516726498122
0.0,0.0035259994,0.1303073979842267,0.02996608803541766,0.9997516726498122
20.826328627454465,20.999155,0.1303073979842267,0.02996608803541766,0.9997516726498122
0.0,0.01343978,0.1303073979842267,0.02996608803541766,0.9997516726498122
0.0,0.01091672,0.1303073979842267,0.02996608803541766,0.9997516726498122
17.290176624146017,17.299717,0.1303073979842267,0.02996608803541766,0.9997516726498122
17.42624383194221,17.440119,0.1303073979842267,0.02996608803541766,0.9997516726498122
19.37313840785606,19.386154,0.1303073979842267,0.02996608803541766,0.9997516726498122
18.000697348696555,17.986479,0.1303073979842267,0.02996608803541766,0.9997516726498122
14.08605206668242,14.057664,0.1303073979842267,0.02996608803541766,0.9997516726498122
15.789591722875162,15.815912,0.1303073979842267,0.02996608803541766,0.9997516726498122
18.463588775583503,18.448912,0.1303073979842267,0.02996608803541766,0.9997516726498122
0.0,0.020120155,0.1303073979842267,0.02996608803541766,0.9997516726498122
19.745475447242203,19.753391,0.1303073979842267,0.02996608803541766,0.9997516726498122
0.0,0.016572224,0.1303073979842267,0.02996608803541766,0.9997516726498122
0.0,0.0384132,0.1303073979842267,0.02996608803541766,0.9997516726498122
0.0,-0.0092308875,0.1303073979842267,0.02996608803541766,0.9997516726498122
18.757152987716434,18.755217,0.1303073979842267,0.02996608803541766,0.9997516726498122
0.0,0.011987764,0.1303073979842267,0.02996608803541766,0.9997516726498122
17.761016384746128,17.764301,0.1303073979842267,0.02996608803541766,0.9997516726498122
18.617047569219704,18.601126,0.1303073979842267,0.02996608803541766,0.9997516726498122
0.0,0.011656023,0.1303073979842267,0.02996608803541766,0.9997516726498122
15.86963441986494,15.8319,0.1303073979842267,0.02996608803541766,0.9997516726498122
0.0,0.014373705,0.1303073979842267,0.02996608803541766,0.9997516726498122
0.0,0.023838615,0.1303073979842267,0.02996608803541766,0.9997516726498122
17.093692903393823,17.105024,0.1303073979842267,0.02996608803541766,0.9997516726498122
18.758402249911587,18.754572,0.1303073979842267,0.02996608803541766,0.9997516726498122
19.24405432604051,19.220306,0.1303073979842267,0.02996608803541766,0.9997516726498122
14.380399845099474,14.408244,0.1303073979842267,0.02996608803541766,0.9997516726498122
15.899698567323068,15.895299,0.1303073979842267,0.02996608803541766,0.9997516726498122
0.0,0.014499129,0.1303073979842267,0.02996608803541766,0.9997516726498122
14.648420115681892,14.632729,0.1303073979842267,0.02996608803541766,0.9997516726498122
19.03037959595625,19.025963,0.1303073979842267,0.02996608803541766,0.9997516726498122
18.998011609217937,18.994207,0.1303073979842267,0.02996608803541766,0.9997516726498122
17.67378863462478,17.671843,0.1303073979842267,0.02996608803541766,0.9997516726498122
18.768455473222875,18.755217,0.1303073979842267,0.02996608803541766,0.9997516726498122
15.940294183152913,15.950185,0.1303073979842267,0.02996608803541766,0.9997516726498122
18.04622176883788,18.050817,0.1303073979842267,0.02996608803541766,0.9997516726498122
19.158783598793963,19.149103,0.1303073979842267,0.02996608803541766,0.9997516726498122
18.692107900680593,18.683342,0.1303073979842267,0.02996608803541766,0.9997516726498122
18.97433272080923,18.972658,0.1303073979842267,0.02996608803541766,0.9997516726498122
16.354850230530072,16.351284,0.1303073979842267,0.02996608803541766,0.9997516726498122
18.496525393636873,18.528349,0.1303073979842267,0.02996608803541766,0.9997516726498122
14.637735855017535,14.623558,0.1303073979842267,0.02996608803541766,0.9997516726498122
19.21865936923679,19.209888,0.1303073979842267,0.02996608803541766,0.9997516726498122
14.467417948406203,14.406209,0.1303073979842267,0.02996608803541766,0.9997516726498122
17.89055518551908,17.892658,0.1303073979842267,0.02996608803541766,0.9997516726498122
15.740116956458575,15.711547,0.1303073979842267,0.02996608803541766,0.9997516726498122
17.92212664936252,17.920252,0.1303073979842267,0.02996608803541766,0.9997516726498122
0.0,0.02911893,0.1303073979842267,0.02996608803541766,0.9997516726498122
18.584767316056137,18.600136,0.1303073979842267,0.02996608803541766,0.9997516726498122
18.653512738364793,18.642836,0.1303073979842267,0.02996608803541766,0.9997516726498122
0.0,0.021885822,0.1303073979842267,0.02996608803541766,0.9997516726498122
19.96262162343216,19.947397,0.1303073979842267,0.02996608803541766,0.9997516726498122
18.17151049242349,18.178978,0.1303073979842267,0.02996608803541766,0.9997516726498122
18.806490029188055,18.814577,0.1303073979842267,0.02996608803541766,0.9997516726498122
0.0,0.039732393,0.1303073979842267,0.02996608803541766,0.9997516726498122
18.02307754984845,17.982834,0.1303073979842267,0.02996608803541766,0.9997516726498122
15.607270193858982,15.610585,0.1303073979842267,0.02996608803541766,0.9997516726498122
18.324990773036525,18.321669,0.1303073979842267,0.02996608803541766,0.9997516726498122
0.0,0.00993547,0.1303073979842267,0.02996608803541766,0.9997516726498122
19.286441258642544,19.279633,0.1303073979842267,0.02996608803541766,0.9997516726498122
14.895535500582715,14.905877,0.1303073979842267,0.02996608803541766,0.9997516726498122
0.0,0.02388961,0.1303073979842267,0.02996608803541766,0.9997516726498122
0.0,0.019189054,0.1303073979842267,0.02996608803541766,0.9997516726498122
0.0,0.018015742,0.1303073979842267,0.02996608803541766,0.9997516726498122
18.07809041591934,18.066584,0.1303073979842267,0.02996608803541766,0.9997516726498122
0.0,0.014243812,0.1303073979842267,0.02996608803541766,0.9997516726498122
18.24989243483448,18.231886,0.1303073979842267,0.02996608803541766,0.9997516726498122
0.0,-0.007865618,0.1303073979842267,0.02996608803541766,0.9997516726498122
19.092276742084234,19.089884,0.1303073979842267,0.02996608803541766,0.9997516726498122
0.0,0.008578642,0.1303073979842267,0.02996608803541766,0.9997516726498122
0.0,0.0442719,0.1303073979842267,0.02996608803541766,0.9997516726498122
0.0,0.054422636,0.1303073979842267,0.02996608803541766,0.9997516726498122
0.0,0.0040359017,0.1303073979842267,0.02996608803541766,0.9997516726498122
19.230737138497716,19.20629,0.1303073979842267,0.02996608803541766,0.9997516726498122
0.0,0.019189054,0.1303073979842267,0.02996608803541766,0.9997516726498122
17.7686580593545,17.770973,0.1303073979842267,0.02996608803541766,0.9997516726498122
17.22051694282116,17.221325,0.1303073979842267,0.02996608803541766,0.9997516726498122
17.72889885096305,17.732965,0.1303073979842267,0.02996608803541766,0.9997516726498122
19.70540360756584,19.691238,0.1303073979842267,0.02996608803541766,0.9997516726498122
16.106020235711938,16.101648,0.1303073979842267,0.02996608803541766,0.9997516726498122
0.0,0.021917365,0.1303073979842267,0.02996608803541766,0.9997516726498122
14.759416845976386,14.702921,0.1303073979842267,0.02996608803541766,0.9997516726498122
20.644566249133433,20.58376,0.1303073979842267,0.02996608803541766,0.9997516726498122
17.750246696153447,17.771019,0.1303073979842267,0.02996608803541766,0.9997516726498122
18.65725945397838,18.662172,0.1303073979842267,0.02996608803541766,0.9997516726498122
17.281410478562346,17.299717,0.1303073979842267,0.02996608803541766,0.9997516726498122
0.0,0.035446435,0.1303073979842267,0.02996608803541766,0.9997516726498122
0.0,0.009282681,0.1303073979842267,0.02996608803541766,0.9997516726498122
17.728367875257465,17.731056,0.1303073979842267,0.02996608803541766,0.9997516726498122
16.080133417587064,16.06442,0.1303073979842267,0.02996608803541766,0.9997516726498122
17.530002762187795,17.536808,0.1303073979842267,0.02996608803541766,0.9997516726498122
16.30342517926658,16.341524,0.1303073979842267,0.02996608803541766,0.9997516726498122
15.21780030803739,15.271451,0.1303073979842267,0.02996608803541766,0.9997516726498122
17.862615440893798,17.857098,0.1303073979842267,0.02996608803541766,0.9997516726498122
0.0,0.009898228,0.1303073979842267,0.02996608803541766,0.9997516726498122
13.004876297948588,13.115212,0.1303073979842267,0.02996608803541766,0.9997516726498122
0.0,-0.00902931,0.1303073979842267,0.02996608803541766,0.9997516726498122
16.135771704974037,16.123034,0.1303073979842267,0.02996608803541766,0.9997516726498122
19.89085659135181,19.896631,0.1303073979842267,0.02996608803541766,0.9997516726498122
20.76796555425219,20.67618,0.1303073979842267,0.02996608803541766,0.9997516726498122
16.486896843851184,16.483963,0.1303073979842267,0.02996608803541766,0.9997516726498122
0.0,0.0036711413,0.1303073979842267,0.02996608803541766,0.9997516726498122
15.201805169084134,15.208074,0.1303073979842267,0.02996608803541766,0.9997516726498122
18.019911448239274,17.986433,0.1303073979842267,0.02996608803541766,0.9997516726498122
17.296240086216603,17.301706,0.1303073979842267,0.02996608803541766,0.9997516726498122
17.561084473864604,17.556536,0.1303073979842267,0.02996608803541766,0.9997516726498122
16.736739573557095,16.7258,0.1303073979842267,0.02996608803541766,0.9997516726498122
16.08763654656639,16.106693,0.1303073979842267,0.02996608803541766,0.9997516726498122
19.66217986714061,19.644423,0.1303073979842267,0.02996608803541766,0.9997516726498122
18.692865475547876,18.683342,0.1303073979842267,0.02996608803541766,0.9997516726498122
18.586731521625204,18.600182,0.1303073979842267,0.02996608803541766,0.9997516726498122
0.0,0.019189054,0.1303073979842267,0.02996608803541766,0.9997516726498122
15.962027517324243,15.980911,0.1303073979842267,0.02996608803541766,0.9997516726498122
0.0,0.0027611596,0.1303073979842267,0.02996608803541766,0.9997516726498122
0.0,0.0338591,0.1303073979842267,0.02996608803541766,0.9997516726498122
17.126414455137024,17.127136,0.1303073979842267,0.02996608803541766,0.9997516726498122
19.983446250283592,19.99148,0.1303073979842267,0.02996608803541766,0.9997516726498122
18.50486423289969,18.528349,0.1303073979842267,0.02996608803541766,0.9997516726498122
0.0,0.029744653,0.1303073979842267,0.02996608803541766,0.9997516726498122
0.0,0.07679729,0.1303073979842267,0.02996608803541766,0.9997516726498122
17.89629913493371,17.892658,0.1303073979842267,0.02996608803541766,0.9997516726498122
0.0,0.004223159,0.1303073979842267,0.02996608803541766,0.9997516726498122
16.331315242271646,16.33829,0.1303073979842267,0.02996608803541766,0.9997516726498122
0.0,0.12373531,0.1303073979842267,0.02996608803541766,0.9997516726498122
0.0,0.018015742,0.1303073979842267,0.02996608803541766,0.9997516726498122
19.054298782126615,19.025963,0.1303073979842267,0.02996608803541766,0.9997516726498122
0.0,0.012739151,0.1303073979842267,0.02996608803541766,0.9997516726498122
17.76058532609971,17.767374,0.1303073979842267,0.02996608803541766,0.9997516726498122
14.220976332738882,14.290877,0.1303073979842267,0.02996608803541766,0.9997516726498122
0.0,-0.0015248865,0.1303073979842267,0.02996608803541766,0.9997516726498122
12.061434081742114,11.893687,0.1303073979842267,0.02996608803541766,0.9997516726498122
15.713643479656406,15.709575,0.1303073979842267,0.02996608803541766,0.9997516726498122
0.0,0.013016875,0.1303073979842267,0.02996608803541766,0.9997516726498122
20.13231338683012,20.113132,0.1303073979842267,0.02996608803541766,0.9997516726498122
19.18860696644833,19.192461,0.1303073979842267,0.02996608803541766,0.9997516726498122
18.04525977174862,18.052803,0.1303073979842267,0.02996608803541766,0.9997516726498122
18.831575756742744,18.819454,0.1303073979842267,0.02996608803541766,0.9997516726498122
17.357113790589977,17.371256,0.1303073979842267,0.02996608803541766,0.9997516726498122
0.0,0.009976041,0.1303073979842267,0.02996608803541766,0.9997516726498122
18.01752851407806,17.98457,0.1303073979842267,0.02996608803541766,0.9997516726498122
16.822038399117595,16.846807,0.1303073979842267,0.02996608803541766,0.9997516726498122
0.0,0.039332278,0.1303073979842267,0.02996608803541766,0.9997516726498122
0.0,0.06196335,0.1303073979842267,0.02996608803541766,0.9997516726498122
16.454567959008102,16.467907,0.1303073979842267,0.02996608803541766,0.9997516726498122
18.986587246643026,18.969013,0.1303073979842267,0.02996608803541766,0.9997516726498122
0.0,0.01721681,0.1303073979842267,0.02996608803541766,0.9997516726498122
18.553416740333148,18.548807,0.1303073979842267,0.02996608803541766,0.9997516726498122
0.0,0.06881798,0.1303073979842267,0.02996608803541766,0.9997516726498122
0.0,0.16569346,0.1303073979842267,0.02996608803541766,0.9997516726498122
19.845441249956647,19.842007,0.1303073979842267,0.02996608803541766,0.9997516726498122
0.0,0.005292925,0.1303073979842267,0.02996608803541766,0.9997516726498122
0.0,0.014303443,0.1303073979842267,0.02996608803541766,0.9997516726498122
16.998879239435702,17.023003,0.1303073979842267,0.02996608803541766,0.9997516726498122
0.0,0.014193999,0.1303073979842267,0.02996608803541766,0.9997516726498122
17.766235488152116,17.773067,0.1303073979842267,0.02996608803541766,0.9997516726498122
0.0,0.016658913,0.1303073979842267,0.02996608803541766,0.9997516726498122
16.118095750958314,16.114233,0.1303073979842267,0.02996608803541766,0.9997516726498122
18.76565713892476,18.755217,0.1303073979842267,0.02996608803541766,0.9997516726498122
0.0,0.022532783,0.1303073979842267,0.02996608803541766,0.9997516726498122
18.059734376171974,18.04984,0.1303073979842267,0.02996608803541766,0.9997516726498122
19.82580399127956,19.79296,0.1303073979842267,0.02996608803541766,0.9997516726498122
18.965115028105572,18.964878,0.1303073979842267,0.02996608803541766,0.9997516726498122
18.55307851552127,18.549372,0.1303073979842267,0.02996608803541766,0.9997516726498122
18.35075589187782,18.353443,0.1303073979842267,0.02996608803541766,0.9997516726498122
0.0,0.35487208,0.1303073979842267,0.02996608803541766,0.9997516726498122
16.964452726088677,16.936954,0.1303073979842267,0.02996608803541766,0.9997516726498122
19.17621308038469,19.183456,0.1303073979842267,0.02996608803541766,0.9997516726498122
0.0,0.016471375,0.1303073979842267,0.02996608803541766,0.9997516726498122
16.664689535014837,16.63909,0.1303073979842267,0.02996608803541766,0.9997516726498122
0.0,0.018015742,0.1303073979842267,0.02996608803541766,0.9997516726498122
16.678391607526606,16.697405,0.1303073979842267,0.02996608803541766,0.9997516726498122
16.91660725216847,16.937191,0.1303073979842267,0.02996608803541766,0.9997516726498122
0.0,0.010394584,0.1303073979842267,0.02996608803541766,0.9997516726498122
15.87876212136611,15.832973,0.1303073979842267,0.02996608803541766,0.9997516726498122
0.0,0.010587716,0.1303073979842267,0.02996608803541766,0.9997516726498122
16.557641619109905,16.534723,0.1303073979842267,0.02996608803541766,0.9997516726498122
0.0,0.04105991,0.1303073979842267,0.02996608803541766,0.9997516726498122
12.940664026999826,12.906048,0.1303073979842267,0.02996608803541766,0.9997516726498122
20.218919767123626,20.218086,0.1303073979842267,0.02996608803541766,0.9997516726498122
17.278480106682462,17.30169,0.1303073979842267,0.02996608803541766,0.9997516726498122
16.30100628421266,16.265139,0.1303073979842267,0.02996608803541766,0.9997516726498122
0.0,0.011759567,0.1303073979842267,0.02996608803541766,0.9997516726498122
0.0,0.012640015,0.1303073979842267,0.02996608803541766,0.9997516726498122
20.34102417492696,20.29574,0.1303073979842267,0.02996608803541766,0.9997516726498122
17.22675968447894,17.227243,0.1303073979842267,0.02996608803541766,0.9997516726498122
18.381824565948072,18.379831,0.1303073979842267,0.02996608803541766,0.9997516726498122
14.640163956866925,14.626638,0.1303073979842267,0.02996608803541766,0.9997516726498122
17.22841359368449,17.227243,0.1303073979842267,0.02996608803541766,0.9997516726498122
0.0,0.008345726,0.1303073979842267,0.02996608803541766,0.9997516726498122
19.507016408978526,19.506733,0.1303073979842267,0.02996608803541766,0.9997516726498122
0.0,0.0110991625,0.1303073979842267,0.02996608803541766,0.9997516726498122
18.144956346026664,18.159752,0.1303073979842267,0.02996608803541766,0.9997516726498122
17.505775052466788,17.485832,0.1303073979842267,0.02996608803541766,0.9997516726498122
17.46032014475792,17.453201,0.1303073979842267,0.02996608803541766,0.9997516726498122
19.285184270011115,19.317764,0.1303073979842267,0.02996608803541766,0.9997516726498122
17.45535151582692,17.448046,0.1303073979842267,0.02996608803541766,0.9997516726498122
16.107884999224613,16.108366,0.1303073979842267,0.02996608803541766,0.9997516726498122
19.737257502281004,19.706747,0.1303073979842267,0.02996608803541766,0.9997516726498122
17.27358414883558,17.30169,0.1303073979842267,0.02996608803541766,0.9997516726498122
0.0,0.019987987,0.1303073979842267,0.02996608803541766,0.9997516726498122
18.43755812630017,18.43701,0.1303073979842267,0.02996608803541766,0.9997516726498122
0.0,0.020822372,0.1303073979842267,0.02996608803541766,0.9997516726498122
18.4381128284367,18.433365,0.1303073979842267,0.02996608803541766,0.9997516726498122
18.16292416378467,18.159752,0.1303073979842267,0.02996608803541766,0.9997516726498122
0.0,0.01685205,0.1303073979842267,0.02996608803541766,0.9997516726498122
16.213405921671733,16.219398,0.1303073979842267,0.02996608803541766,0.9997516726498122
18.404653612892243,18.381907,0.1303073979842267,0.02996608803541766,0.9997516726498122
18.01971033951271,17.980862,0.1303073979842267,0.02996608803541766,0.9997516726498122
19.173913737668016,19.179811,0.1303073979842267,0.02996608803541766,0.9997516726498122
18.80111525069172,18.816689,0.1303073979842267,0.02996608803541766,0.9997516726498122
0.0,0.00884353,0.1303073979842267,0.02996608803541766,0.9997516726498122
18.81975557097019,18.810932,0.1303073979842267,0.02996608803541766,0.9997516726498122
15.999391616312542,15.974346,0.1303073979842267,0.02996608803541766,0.9997516726498122
0.0,0.008943401,0.1303073979842267,0.02996608803541766,0.9997516726498122
19.941594342029514,19.949505,0.1303073979842267,0.02996608803541766,0.9997516726498122
17.40874192769056,17.376238,0.1303073979842267,0.02996608803541766,0.9997516726498122
0.0,0.027345048,0.1303073979842267,0.02996608803541766,0.9997516726498122
14.673262017169254,14.632622,0.1303073979842267,0.02996608803541766,0.9997516726498122
11.048553945576122,10.891284,0.1303073979842267,0.02996608803541766,0.9997516726498122
0.0,0.011727454,0.1303073979842267,0.02996608803541766,0.9997516726498122
16.25490445449953,16.23836,0.1303073979842267,0.02996608803541766,0.9997516726498122
15.485206907530323,15.479521,0.1303073979842267,0.02996608803541766,0.9997516726498122
0.0,0.01721681,0.1303073979842267,0.02996608803541766,0.9997516726498122
0.0,0.0181176,0.1303073979842267,0.02996608803541766,0.9997516726498122
15.894952224644102,15.85567,0.1303073979842267,0.02996608803541766,0.9997516726498122
13.12599477588836,13.099954,0.1303073979842267,0.02996608803541766,0.9997516726498122
14.266534583636872,14.298283,0.1303073979842267,0.02996608803541766,0.9997516726498122
19.78677417071235,19.797585,0.1303073979842267,0.02996608803541766,0.9997516726498122
18.73950964105098,18.753244,0.1303073979842267,0.02996608803541766,0.9997516726498122
16.052621011798966,16.016172,0.1303073979842267,0.02996608803541766,0.9997516726498122
16.866350521839156,16.859304,0.1303073979842267,0.02996608803541766,0.9997516726498122
17.157794032868882,17.123653,0.1303073979842267,0.02996608803541766,0.9997516726498122
16.333207111220425,16.34764,0.1303073979842267,0.02996608803541766,0.9997516726498122
18.88926803316192,18.87216,0.1303073979842267,0.02996608803541766,0.9997516726498122
17.965110293456913,17.958635,0.1303073979842267,0.02996608803541766,0.9997516726498122
0.0,0.00810937,0.1303073979842267,0.02996608803541766,0.9997516726498122
0.0,0.014499129,0.1303073979842267,0.02996608803541766,0.9997516726498122
17.998095946648732,17.982897,0.1303073979842267,0.02996608803541766,0.9997516726498122
0.0,-0.007865618,0.1303073979842267,0.02996608803541766,0.9997516726498122
0.0,0.019987987,0.1303073979842267,0.02996608803541766,0.9997516726498122
16.163308089359315,16.159538,0.1303073979842267,0.02996608803541766,0.9997516726498122
0.0,0.04611847,0.1303073979842267,0.02996608803541766,0.9997516726498122
0.0,0.030153947,0.1303073979842267,0.02996608803541766,0.9997516726498122
0.0,0.018343048,0.1303073979842267,0.02996608803541766,0.9997516726498122
19.05830630333727,19.025963,0.1303073979842267,0.02996608803541766,0.9997516726498122
18.642441876165456,18.642727,0.1303073979842267,0.02996608803541766,0.9997516726498122
0.0,0.014499129,0.1303073979842267,0.02996608803541766,0.9997516726498122
19.061657182121934,19.025963,0.1303073979842267,0.02996608803541766,0.9997516726498122
16.229321233436963,16.245186,0.1303073979842267,0.02996608803541766,0.9997516726498122
0.0,0.004834834,0.1303073979842267,0.02996608803541766,0.9997516726498122
17.104970318571805,17.107105,0.1303073979842267,0.02996608803541766,0.9997516726498122
0.0,-0.006210538,0.1303073979842267,0.02996608803541766,0.9997516726498122
17.690676718100704,17.691622,0.1303073979842267,0.02996608803541766,0.9997516726498122
17.243032780382965,17.234222,0.1303073979842267,0.02996608803541766,0.9997516726498122
0.0,0.014373705,0.1303073979842267,0.02996608803541766,0.9997516726498122
0.0,0.020560538,0.1303073979842267,0.02996608803541766,0.9997516726498122
0.0,0.23771474,0.1303073979842267,0.02996608803541766,0.9997516726498122
19.02688339983347,19.025963,0.1303073979842267,0.02996608803541766,0.9997516726498122
0.0,0.026281208,0.1303073979842267,0.02996608803541766,0.9997516726498122
20.091900257585234,20.039957,0.1303073979842267,0.02996608803541766,0.9997516726498122
16.860033043306743,16.855421,0.1303073979842267,0.02996608803541766,0.9997516726498122
18.29677684648253,18.31714,0.1303073979842267,0.02996608803541766,0.9997516726498122
0.0,0.0059536183,0.1303073979842267,0.02996608803541766,0.9997516726498122
18.913668637147634,18.900343,0.1303073979842267,0.02996608803541766,0.9997516726498122
0.0,0.017270308,0.1303073979842267,0.02996608803541766,0.9997516726498122
15.37942083837841,15.402272,0.1303073979842267,0.02996608803541766,0.9997516726498122
16.781930491902312,16.762106,0.1303073979842267,0.02996608803541766,0.9997516726498122
18.760509818654416,18.754606,0.1303073979842267,0.02996608803541766,0.9997516726498122
16.6183302472689,16.620132,0.1303073979842267,0.02996608803541766,0.9997516726498122
16.759934747547664,16.764078,0.1303073979842267,0.02996608803541766,0.9997516726498122
17.745515612873444,17.732965,0.1303073979842267,0.02996608803541766,0.9997516726498122
19.35784730742505,19.328999,0.1303073979842267,0.02996608803541766,0.9997516726498122
17.539372622532557,17.530844,0.1303073979842267,0.02996608803541766,0.9997516726498122
0.0,-0.00014236874,0.1303073979842267,0.02996608803541766,0.9997516726498122
0.0,0.0035385145,0.1303073979842267,0.02996608803541766,0.9997516726498122
18.911974484327736,18.900343,0.1303073979842267,0.02996608803541766,0.9997516726498122
0.0,0.010587716,0.1303073979842267,0.02996608803541766,0.9997516726498122
13.647315549968264,13.658082,0.1303073979842267,0.02996608803541766,0.9997516726498122
18.677383334424874,18.675484,0.1303073979842267,0.02996608803541766,0.9997516726498122
0.0,-0.0007698309,0.1303073979842267,0.02996608803541766,0.9997516726498122
0.0,-0.0023238203,0.1303073979842267,0.02996608803541766,0.9997516726498122
0.0,0.01745981,0.1303073979842267,0.02996608803541766,0.9997516726498122
0.0,0.057018343,0.1303073979842267,0.02996608803541766,0.9997516726498122
0.0,0.0017026387,0.1303073979842267,0.02996608803541766,0.9997516726498122
18.064975472586333,18.063412,0.1303073979842267,0.02996608803541766,0.9997516726498122
0.0,-0.001971281,0.1303073979842267,0.02996608803541766,0.9997516726498122
18.11481065441951,18.084475,0.1303073979842267,0.02996608803541766,0.9997516726498122
18.9020833881125,18.900343,0.1303073979842267,0.02996608803541766,0.9997516726498122
17.740881107276284,17.72932,0.1303073979842267,0.02996608803541766,0.9997516726498122
15.04875367632109,15.049967,0.1303073979842267,0.02996608803541766,0.9997516726498122
17.857373505991344,17.862007,0.1303073979842267,0.02996608803541766,0.9997516726498122
19.484864980298685,19.508781,0.1303073979842267,0.02996608803541766,0.9997516726498122
17.444238016056605,17.44843,0.1303073979842267,0.02996608803541766,0.9997516726498122
17.72753358339242,17.735014,0.1303073979842267,0.02996608803541766,0.9997516726498122
17.379236880740756,17.375202,0.1303073979842267,0.02996608803541766,0.9997516726498122
18.802520778114623,18.81464,0.1303073979842267,0.02996608803541766,0.9997516726498122
18.711248987402776,18.683342,0.1303073979842267,0.02996608803541766,0.9997516726498122
17.1349732346658,17.127136,0.1303073979842267,0.02996608803541766,0.9997516726498122
16.02798919825047,16.025488,0.1303073979842267,0.02996608803541766,0.9997516726498122
14.845668758547014,14.843915,0.1303073979842267,0.02996608803541766,0.9997516726498122
15.042955132394594,15.042514,0.1303073979842267,0.02996608803541766,0.9997516726498122
15.480252610579475,15.475701,0.1303073979842267,0.02996608803541766,0.9997516726498122
0.0,0.0010570734,0.1303073979842267,0.02996608803541766,0.9997516726498122
0.0,-0.00902931,0.1303073979842267,0.02996608803541766,0.9997516726498122
18.494584876760833,18.528412,0.1303073979842267,0.02996608803541766,0.9997516726498122
20.678289170592233,20.685219,0.1303073979842267,0.02996608803541766,0.9997516726498122
0.0,-0.0033838972,0.1303073979842267,0.02996608803541766,0.9997516726498122
18.582928938804823,18.562592,0.1303073979842267,0.02996608803541766,0.9997516726498122
17.54355858444911,17.551983,0.1303073979842267,0.02996608803541766,0.9997516726498122
16.2788932197645,16.278605,0.1303073979842267,0.02996608803541766,0.9997516726498122
19.401742741127066,19.399689,0.1303073979842267,0.02996608803541766,0.9997516726498122
0.0,0.09496283,0.1303073979842267,0.02996608803541766,0.9997516726498122
0.0,0.080152705,0.1303073979842267,0.02996608803541766,0.9997516726498122
16.88686918606008,16.863165,0.1303073979842267,0.02996608803541766,0.9997516726498122
0.0,0.014800635,0.1303073979842267,0.02996608803541766,0.9997516726498122
15.203751273706514,15.212941,0.1303073979842267,0.02996608803541766,0.9997516726498122
17.578151100860566,17.556536,0.1303073979842267,0.02996608803541766,0.9997516726498122
17.29847592737878,17.299717,0.1303073979842267,0.02996608803541766,0.9997516726498122
0.0,0.03773822,0.1303073979842267,0.02996608803541766,0.9997516726498122
17.21362606218365,17.220549,0.1303073979842267,0.02996608803541766,0.9997516726498122
0.0,-0.038528666,0.1303073979842267,0.02996608803541766,0.9997516726498122
19.126086268071692,19.10077,0.1303073979842267,0.02996608803541766,0.9997516726498122
19.826070497042362,19.818783,0.1303073979842267,0.02996608803541766,0.9997516726498122
17.87595358575207,17.863016,0.1303073979842267,0.02996608803541766,0.9997516726498122
16.232521502015942,16.239618,0.1303073979842267,0.02996608803541766,0.9997516726498122
16.276687539715276,16.25872,0.1303073979842267,0.02996608803541766,0.9997516726498122
0.0,0.090174645,0.1303073979842267,0.02996608803541766,0.9997516726498122
0.0,0.0045927633,0.1303073979842267,0.02996608803541766,0.9997516726498122
17.82570401236043,17.824265,0.1303073979842267,0.02996608803541766,0.9997516726498122
0.0,0.025572276,0.1303073979842267,0.02996608803541766,0.9997516726498122
0.0,0.033236157,0.1303073979842267,0.02996608803541766,0.9997516726498122
18.172226910266573,18.17377,0.1303073979842267,0.02996608803541766,0.9997516726498122
18.826145858727198,18.820065,0.1303073979842267,0.02996608803541766,0.9997516726498122
0.0,0.03125844,0.1303073979842267,0.02996608803541766,0.9997516726498122
17.51798322925938,17.535135,0.1303073979842267,0.02996608803541766,0.9997516726498122
17.852959618840732,17.862007,0.1303073979842267,0.02996608803541766,0.9997516726498122
0.0,0.028181704,0.1303073979842267,0.02996608803541766,0.9997516726498122
17.955004697199083,17.958698,0.1303073979842267,0.02996608803541766,0.9997516726498122
0.0,0.021622024,0.1303073979842267,0.02996608803541766,0.9997516726498122
0.0,0.028194577,0.1303073979842267,0.02996608803541766,0.9997516726498122
19.67795753267319,19.671436,0.1303073979842267,0.02996608803541766,0.9997516726498122
16.35188220406487,16.359026,0.1303073979842267,0.02996608803541766,0.9997516726498122
18.23801109858261,18.298191,0.1303073979842267,0.02996608803541766,0.9997516726498122
0.0,0.010697161,0.1303073979842267,0.02996608803541766,0.9997516726498122
17.876959407312786,17.86308,0.1303073979842267,0.02996608803541766,0.9997516726498122
18.064005814299346,18.062813,0.1303073979842267,0.02996608803541766,0.9997516726498122
17.52489192912803,17.53878,0.1303073979842267,0.02996608803541766,0.9997516726498122
15.607867848461579,15.595669,0.1303073979842267,0.02996608803541766,0.9997516726498122
0.0,0.023614522,0.1303073979842267,0.02996608803541766,0.9997516726498122
19.601661151351784,19.59834,0.1303073979842267,0.02996608803541766,0.9997516726498122
0.0,0.0048993705,0.1303073979842267,0.02996608803541766,0.9997516726498122
14.205981818041623,14.302432,0.1303073979842267,0.02996608803541766,0.9997516726498122
19.727202096859884,19.708628,0.1303073979842267,0.02996608803541766,0.9997516726498122
15.607270193858982,15.6057,0.1303073979842267,0.02996608803541766,0.9997516726498122
17.73481455254271,17.732965,0.1303073979842267,0.02996608803541766,0.9997516726498122
19.72870176364664,19.70658,0.1303073979842267,0.02996608803541766,0.9997516726498122
16.972832969823006,16.934982,0.1303073979842267,0.02996608803541766,0.9997516726498122
19.606423974684137,19.598385,0.1303073979842267,0.02996608803541766,0.9997516726498122
0.0,0.027444901,0.1303073979842267,0.02996608803541766,0.9997516726498122
0.0,-0.037364975,0.1303073979842267,0.02996608803541766,0.9997516726498122
19.589711759536705,19.598276,0.1303073979842267,0.02996608803541766,0.9997516726498122
0.0,0.014193999,0.1303073979842267,0.02996608803541766,0.9997516726498122
18.23097059058031,18.218246,0.1303073979842267,0.02996608803541766,0.9997516726498122
18.233943287409083,18.220219,0.1303073979842267,0.02996608803541766,0.9997516726498122
16.640224650195666,16.632713,0.1303073979842267,0.02996608803541766,0.9997516726498122
0.0,0.024532693,0.1303073979842267,0.02996608803541766,0.9997516726498122
0.0,0.019987987,0.1303073979842267,0.02996608803541766,0.9997516726498122
18.924350922471213,18.902283,0.1303073979842267,0.02996608803541766,0.9997516726498122
20.18742017795144,20.166157,0.1303073979842267,0.02996608803541766,0.9997516726498122
19.44114546664207,19.452988,0.1303073979842267,0.02996608803541766,0.9997516726498122
14.895701884397281,14.910171,0.1303073979842267,0.02996608803541766,0.9997516726498122
20.531539511633092,20.934847,0.1303073979842267,0.02996608803541766,0.9997516726498122
16.95790724476241,16.942509,0.1303073979842267,0.02996608803541766,0.9997516726498122
19.80158564046345,19.79296,0.1303073979842267,0.02996608803541766,0.9997516726498122
17.2724629673287,17.301752,0.1303073979842267,0.02996608803541766,0.9997516726498122
15.3016504802982,15.303505,0.1303073979842267,0.02996608803541766,0.9997516726498122
16.68340951682656,16.696072,0.1303073979842267,0.02996608803541766,0.9997516726498122
18.324289803336413,18.325314,0.1303073979842267,0.02996608803541766,0.9997516726498122
0.0,0.019874623,0.1303073979842267,0.02996608803541766,0.9997516726498122
19.589227991759024,19.598276,0.1303073979842267,0.02996608803541766,0.9997516726498122
17.901827971998,17.890686,0.1303073979842267,0.02996608803541766,0.9997516726498122
0.0,0.14877766,0.1303073979842267,0.02996608803541766,0.9997516726498122
0.0,0.002117151,0.1303073979842267,0.02996608803541766,0.9997516726498122
17.934373180958097,17.932106,0.1303073979842267,0.02996608803541766,0.9997516726498122
16.665424838229164,16.640762,0.1303073979842267,0.02996608803541766,0.9997516726498122
18.004821240809125,17.986479,0.1303073979842267,0.02996608803541766,0.9997516726498122
19.174002548624376,19.183456,0.1303073979842267,0.02996608803541766,0.9997516726498122
18.997166161869323,18.994207,0.1303073979842267,0.02996608803541766,0.9997516726498122
16.866025765026475,16.864511,0.1303073979842267,0.02996608803541766,0.9997516726498122
0.0,0.030153947,0.1303073979842267,0.02996608803541766,0.9997516726498122
16.828206235954667,16.843687,0.1303073979842267,0.02996608803541766,0.9997516726498122
18.54295926862797,18.530766,0.1303073979842267,0.02996608803541766,0.9997516726498122
16.83185709013693,16.852186,0.1303073979842267,0.02996608803541766,0.9997516726498122
0.0,0.0110991625,0.1303073979842267,0.02996608803541766,0.9997516726498122
14.103036368207752,14.079024,0.1303073979842267,0.02996608803541766,0.9997516726498122
19.906410410289904,19.892986,0.1303073979842267,0.02996608803541766,0.9997516726498122
0.0,0.011962628,0.1303073979842267,0.02996608803541766,0.9997516726498122
18.3963280188437,18.381952,0.1303073979842267,0.02996608803541766,0.9997516726498122
15.894952224644102,15.882259,0.1303073979842267,0.02996608803541766,0.9997516726498122
17.37904754137928,17.373466,0.1303073979842267,0.02996608803541766,0.9997516726498122
17.233998492736045,17.23225,0.1303073979842267,0.02996608803541766,0.9997516726498122
18.915376991886035,18.903578,0.1303073979842267,0.02996608803541766,0.9997516726498122
0.0,0.026606783,0.1303073979842267,0.02996608803541766,0.9997516726498122
0.0,0.0074571264,0.1303073979842267,0.02996608803541766,0.9997516726498122
17.46275805420952,17.455173,0.1303073979842267,0.02996608803541766,0.9997516726498122
18.621136224439255,18.601736,0.1303073979842267,0.02996608803541766,0.9997516726498122
0.0,0.009230892,0.1303073979842267,0.02996608803541766,0.9997516726498122
20.38973904663613,20.391495,0.1303073979842267,0.02996608803541766,0.9997516726498122
0.0,0.041651137,0.1303073979842267,0.02996608803541766,0.9997516726498122
18.951309000896888,18.966896,0.1303073979842267,0.02996608803541766,0.9997516726498122
14.691608680547064,14.721708,0.1303073979842267,0.02996608803541766,0.9997516726498122
17.34416025454347,17.330694,0.1303073979842267,0.02996608803541766,0.9997516726498122
18.291028025251787,18.317032,0.1303073979842267,0.02996608803541766,0.9997516726498122
18.762821129082944,18.75528,0.1303073979842267,0.02996608803541766,0.9997516726498122
0.0,0.0062934337,0.1303073979842267,0.02996608803541766,0.9997516726498122
17.07402489331168,17.040897,0.1303073979842267,0.02996608803541766,0.9997516726498122
17.998626849623836,17.989714,0.1303073979842267,0.02996608803541766,0.9997516726498122
13.242289891945376,13.23927,0.1303073979842267,0.02996608803541766,0.9997516726498122
0.0,0.0075825523,0.1303073979842267,0.02996608803541766,0.9997516726498122
19.62365305094772,19.598276,0.1303073979842267,0.02996608803541766,0.9997516726498122
18.197019558688815,18.189411,0.1303073979842267,0.02996608803541766,0.9997516726498122
14.76825240195433,14.718276,0.1303073979842267,0.02996608803541766,0.9997516726498122
0.0,0.010394584,0.1303073979842267,0.02996608803541766,0.9997516726498122
0.0,0.21155342,0.1303073979842267,0.02996608803541766,0.9997516726498122
17.819552916178502,17.822355,0.1303073979842267,0.02996608803541766,0.9997516726498122
14.528911734526451,14.562965,0.1303073979842267,0.02996608803541766,0.9997516726498122
0.0,0.0720005,0.1303073979842267,0.02996608803541766,0.9997516726498122
0.0,0.07860399,0.1303073979842267,0.02996608803541766,0.9997516726498122
17.789416442682565,17.809868,0.1303073979842267,0.02996608803541766,0.9997516726498122
15.914694553561281,15.954093,0.1303073979842267,0.02996608803541766,0.9997516726498122
19.149600034602248,19.149103,0.1303073979842267,0.02996608803541766,0.9997516726498122
18.261759745894384,18.237503,0.1303073979842267,0.02996608803541766,0.9997516726498122
18.31975483642435,18.317049,0.1303073979842267,0.02996608803541766,0.9997516726498122
15.76142084987672,15.786704,0.1303073979842267,0.02996608803541766,0.9997516726498122
20.487296074083048,20.511301,0.1303073979842267,0.02996608803541766,0.9997516726498122
16.97590949548232,16.94281,0.1303073979842267,0.02996608803541766,0.9997516726498122
17.60760074109976,17.602674,0.1303073979842267,0.02996608803541766,0.9997516726498122
15.495034264427845,15.478403,0.1303073979842267,0.02996608803541766,0.9997516726498122
16.00022881179052,15.973019,0.1303073979842267,0.02996608803541766,0.9997516726498122
0.0,0.0058914325,0.1303073979842267,0.02996608803541766,0.9997516726498122
0.0,0.003478007,0.1303073979842267,0.02996608803541766,0.9997516726498122
17.18317935287344,17.192446,0.1303073979842267,0.02996608803541766,0.9997516726498122
0.0,0.012308249,0.1303073979842267,0.02996608803541766,0.9997516726498122
18.922572002876898,18.900297,0.1303073979842267,0.02996608803541766,0.9997516726498122
17.588113414599178,17.605148,0.1303073979842267,0.02996608803541766,0.9997516726498122
0.0,0.004924509,0.1303073979842267,0.02996608803541766,0.9997516726498122
17.419210864621338,17.442091,0.1303073979842267,0.02996608803541766,0.9997516726498122
15.348944579048208,15.405042,0.1303073979842267,0.02996608803541766,0.9997516726498122
17.358606178205207,17.371193,0.1303073979842267,0.02996608803541766,0.9997516726498122
0.0,0.0110991625,0.1303073979842267,0.02996608803541766,0.9997516726498122
17.201536499807467,17.219704,0.1303073979842267,0.02996608803541766,0.9997516726498122
18.51474180757216,18.524704,0.1303073979842267,0.02996608803541766,0.9997516726498122
18.560243579550562,18.56062,0.1303073979842267,0.02996608803541766,0.9997516726498122
0.0,0.018015742,0.1303073979842267,0.02996608803541766,0.9997516726498122
0.0,0.24146129,0.1303073979842267,0.02996608803541766,0.9997516726498122
0.0,0.032993745,0.1303073979842267,0.02996608803541766,0.9997516726498122
17.133720238602713,17.127153,0.1303073979842267,0.02996608803541766,0.9997516726498122
0.0,0.010601776,0.1303073979842267,0.02996608803541766,0.9997516726498122
19.734071773585985,19.706747,0.1303073979842267,0.02996608803541766,0.9997516726498122
0.0,0.0016028943,0.1303073979842267,0.02996608803541766,0.9997516726498122
0.0,0.010495149,0.1303073979842267,0.02996608803541766,0.9997516726498122
0.0,0.011751408,0.1303073979842267,0.02996608803541766,0.9997516726498122
0.0,0.015547017,0.1303073979842267,0.02996608803541766,0.9997516726498122
18.38074874909822,18.37994,0.1303073979842267,0.02996608803541766,0.9997516726498122
20.330401037475912,20.3018,0.1303073979842267,0.02996608803541766,0.9997516726498122
15.61373955459671,15.608613,0.1303073979842267,0.02996608803541766,0.9997516726498122
18.99312499135126,18.972658,0.1303073979842267,0.02996608803541766,0.9997516726498122
0.0,0.033921912,0.1303073979842267,0.02996608803541766,0.9997516726498122
0.0,0.012385533,0.1303073979842267,0.02996608803541766,0.9997516726498122
18.44350712841693,18.437073,0.1303073979842267,0.02996608803541766,0.9997516726498122
19.798438776571402,19.79296,0.1303073979842267,0.02996608803541766,0.9997516726498122
18.562764996372575,18.562654,0.1303073979842267,0.02996608803541766,0.9997516726498122
18.017032619129843,17.986588,0.1303073979842267,0.02996608803541766,0.9997516726498122
14.69740568510415,14.720932,0.1303073979842267,0.02996608803541766,0.9997516726498122
16.850311994726894,16.86134,0.1303073979842267,0.02996608803541766,0.9997516726498122
16.705882371415992,16.716217,0.1303073979842267,0.02996608803541766,0.9997516726498122
15.764588541273023,15.785035,0.1303073979842267,0.02996608803541766,0.9997516726498122
0.0,0.017270308,0.1303073979842267,0.02996608803541766,0.9997516726498122
20.071588426974493,20.039957,0.1303073979842267,0.02996608803541766,0.9997516726498122
18.13972078736932,18.162987,0.1303073979842267,0.02996608803541766,0.9997516726498122
0.0,0.0181176,0.1303073979842267,0.02996608803541766,0.9997516726498122
0.0,0.027436264,0.1303073979842267,0.02996608803541766,0.9997516726498122
16.325082909411446,16.331724,0.1303073979842267,0.02996608803541766,0.9997516726498122
18.481813368478278,18.448895,0.1303073979842267,0.02996608803541766,0.9997516726498122
13.060377329267501,13.12287,0.1303073979842267,0.02996608803541766,0.9997516726498122
18.645526086398274,18.645962,0.1303073979842267,0.02996608803541766,0.9997516726498122
17.50688691721445,17.487804,0.1303073979842267,0.02996608803541766,0.9997516726498122
0.0,0.03176213,0.1303073979842267,0.02996608803541766,0.9997516726498122
13.39783217046521,13.510332,0.1303073979842267,0.02996608803541766,0.9997516726498122
17.882917436809514,17.861044,0.1303073979842267,0.02996608803541766,0.9997516726498122
0.0,0.0110991625,0.1303073979842267,0.02996608803541766,0.9997516726498122
15.267124619396817,15.222353,0.1303073979842267,0.02996608803541766,0.9997516726498122
0.0,0.018779755,0.1303073979842267,0.02996608803541766,0.9997516726498122
20.91837198398605,20.997215,0.1303073979842267,0.02996608803541766,0.9997516726498122
0.0,0.014499129,0.1303073979842267,0.02996608803541766,0.9997516726498122
17.599700214609808,17.631035,0.1303073979842267,0.02996608803541766,0.9997516726498122
0.0,0.025768,0.1303073979842267,0.02996608803541766,0.9997516726498122
0.0,0.030153947,0.1303073979842267,0.02996608803541766,0.9997516726498122
16.18274922797671,16.239279,0.1303073979842267,0.02996608803541766,0.9997516726498122
0.0,0.021956043,0.1303073979842267,0.02996608803541766,0.9997516726498122
0.0,0.02388961,0.1303073979842267,0.02996608803541766,0.9997516726498122
15.751091688759107,15.717467,0.1303073979842267,0.02996608803541766,0.9997516726498122
17.054366014070375,17.04218,0.1303073979842267,0.02996608803541766,0.9997516726498122
18.241050039565618,18.237612,0.1303073979842267,0.02996608803541766,0.9997516726498122
18.371764800373036,18.364777,0.1303073979842267,0.02996608803541766,0.9997516726498122
0.0,0.0049420213,0.1303073979842267,0.02996608803541766,0.9997516726498122
19.068756800631398,19.096268,0.1303073979842267,0.02996608803541766,0.9997516726498122
16.300417291085605,16.25887,0.1303073979842267,0.02996608803541766,0.9997516726498122
17.375674632395267,17.377111,0.1303073979842267,0.02996608803541766,0.9997516726498122
19.689577885291854,19.671436,0.1303073979842267,0.02996608803541766,0.9997516726498122
10.32456350815844,10.350023,0.1303073979842267,0.02996608803541766,0.9997516726498122
19.725957569074613,19.70658,0.1303073979842267,0.02996608803541766,0.9997516726498122
19.62849117814803,19.598467,0.1303073979842267,0.02996608803541766,0.9997516726498122
19.025097924262674,19.0208,0.1303073979842267,0.02996608803541766,0.9997516726498122
0.0,0.028255315,0.1303073979842267,0.02996608803541766,0.9997516726498122
17.26723804952944,17.232313,0.1303073979842267,0.02996608803541766,0.9997516726498122
2.4849066497880004,0.00810937,0.1303073979842267,0.02996608803541766,0.9997516726498122
12.341892043672656,12.59108,0.1303073979842267,0.02996608803541766,0.9997516726498122
17.496185522107584,17.487772,0.1303073979842267,0.02996608803541766,0.9997516726498122
18.51214824100833,18.528303,0.1303073979842267,0.02996608803541766,0.9997516726498122
16.41091100056984,16.436176,0.1303073979842267,0.02996608803541766,0.9997516726498122
0.0,0.022811055,0.1303073979842267,0.02996608803541766,0.9997516726498122
18.259711565910393,18.237457,0.1303073979842267,0.02996608803541766,0.9997516726498122
16.731641080775596,16.720137,0.1303073979842267,0.02996608803541766,0.9997516726498122
0.0,0.0064195953,0.1303073979842267,0.02996608803541766,0.9997516726498122
13.33593001613609,13.232353,0.1303073979842267,0.02996608803541766,0.9997516726498122
0.0,0.045482058,0.1303073979842267,0.02996608803541766,0.9997516726498122
18.038949686722027,18.050817,0.1303073979842267,0.02996608803541766,0.9997516726498122
16.38751199098573,16.361698,0.1303073979842267,0.02996608803541766,0.9997516726498122
0.0,0.044264354,0.1303073979842267,0.02996608803541766,0.9997516726498122
0.0,0.020823091,0.1303073979842267,0.02996608803541766,0.9997516726498122
0.0,0.011751408,0.1303073979842267,0.02996608803541766,0.9997516726498122
0.0,0.04625346,0.1303073979842267,0.02996608803541766,0.9997516726498122
19.659464757689904,19.648067,0.1303073979842267,0.02996608803541766,0.9997516726498122
0.0,0.012640015,0.1303073979842267,0.02996608803541766,0.9997516726498122
18.832541860585877,18.820065,0.1303073979842267,0.02996608803541766,0.9997516726498122
14.785015178703096,14.905477,0.1303073979842267,0.02996608803541766,0.9997516726498122
0.0,0.007938202,0.1303073979842267,0.02996608803541766,0.9997516726498122
18.43650608014503,18.435038,0.1303073979842267,0.02996608803541766,0.9997516726498122
16.005672923147866,16.025488,0.1303073979842267,0.02996608803541766,0.9997516726498122
17.9773325684438,17.981522,0.1303073979842267,0.02996608803541766,0.9997516726498122
17.194157887613006,17.194674,0.1303073979842267,0.02996608803541766,0.9997516726498122
15.171086399630498,15.093997,0.1303073979842267,0.02996608803541766,0.9997516726498122
20.639708950690668,20.58376,0.1303073979842267,0.02996608803541766,0.9997516726498122
17.96454464252401,17.956663,0.1303073979842267,0.02996608803541766,0.9997516726498122
0.0,0.017329939,0.1303073979842267,0.02996608803541766,0.9997516726498122
16.341734199741065,16.408585,0.1303073979842267,0.02996608803541766,0.9997516726498122
18.34726242316523,18.34076,0.1303073979842267,0.02996608803541766,0.9997516726498122
18.664931295028406,18.662172,0.1303073979842267,0.02996608803541766,0.9997516726498122
0.0,0.02627257,0.1303073979842267,0.02996608803541766,0.9997516726498122
0.0,0.022778194,0.1303073979842267,0.02996608803541766,0.9997516726498122
0.0,0.019987987,0.1303073979842267,0.02996608803541766,0.9997516726498122
0.0,0.08965958,0.1303073979842267,0.02996608803541766,0.9997516726498122
0.0,0.013314354,0.1303073979842267,0.02996608803541766,0.9997516726498122
0.0,0.015291702,0.1303073979842267,0.02996608803541766,0.9997516726498122
17.154832571369333,17.127136,0.1303073979842267,0.02996608803541766,0.9997516726498122
0.0,0.02475044,0.1303073979842267,0.02996608803541766,0.9997516726498122
16.048084475461497,16.018448,0.1303073979842267,0.02996608803541766,0.9997516726498122
19.908683271766375,19.896631,0.1303073979842267,0.02996608803541766,0.9997516726498122
18.15382877076661,18.15778,0.1303073979842267,0.02996608803541766,0.9997516726498122
18.760466520446066,18.755217,0.1303073979842267,0.02996608803541766,0.9997516726498122
18.947346377736228,18.963251,0.1303073979842267,0.02996608803541766,0.9997516726498122
18.35638243929384,18.347588,0.1303073979842267,0.02996608803541766,0.9997516726498122
17.01829086211791,17.024975,0.1303073979842267,0.02996608803541766,0.9997516726498122
16.575216021269114,16.536316,0.1303073979842267,0.02996608803541766,0.9997516726498122
18.664414345797027,18.662172,0.1303073979842267,0.02996608803541766,0.9997516726498122
0.0,0.022854602,0.1303073979842267,0.02996608803541766,0.9997516726498122
19.496805656208448,19.506733,0.1303073979842267,0.02996608803541766,0.9997516726498122
15.929234920294205,15.952972,0.1303073979842267,0.02996608803541766,0.9997516726498122
18.16599885929209,18.154135,0.1303073979842267,0.02996608803541766,0.9997516726498122
20.069339371462824,20.040234,0.1303073979842267,0.02996608803541766,0.9997516726498122
19.063657452155688,19.08993,0.1303073979842267,0.02996608803541766,0.9997516726498122
13.518315379062804,13.513946,0.1303073979842267,0.02996608803541766,0.9997516726498122
18.102938023755648,18.08083,0.1303073979842267,0.02996608803541766,0.9997516726498122
17.87408637811931,17.859371,0.1303073979842267,0.02996608803541766,0.9997516726498122
20.261487314180027,20.226357,0.1303073979842267,0.02996608803541766,0.9997516726498122
0.0,0.019987987,0.1303073979842267,0.02996608803541766,0.9997516726498122
0.0,0.0049366066,0.1303073979842267,0.02996608803541766,0.9997516726498122
12.672893088810888,12.757006,0.1303073979842267,0.02996608803541766,0.9997516726498122
18.8426774097469,18.846632,0.1303073979842267,0.02996608803541766,0.9997516726498122
0.0,0.017096471,0.1303073979842267,0.02996608803541766,0.9997516726498122
0.0,0.030153947,0.1303073979842267,0.02996608803541766,0.9997516726498122
0.0,0.01343978,0.1303073979842267,0.02996608803541766,0.9997516726498122
18.176967083653235,18.17388,0.1303073979842267,0.02996608803541766,0.9997516726498122
20.38036668527991,20.395166,0.1303073979842267,0.02996608803541766,0.9997516726498122
0.0,0.0052559027,0.1303073979842267,0.02996608803541766,0.9997516726498122
18.90892281210294,18.900343,0.1303073979842267,0.02996608803541766,0.9997516726498122
14.742901454428848,14.717121,0.1303073979842267,0.02996608803541766,0.9997516726498122
0.0,0.027543452,0.1303073979842267,0.02996608803541766,0.9997516726498122
19.814869221880382,19.79296,0.1303073979842267,0.02996608803541766,0.9997516726498122
15.764015907999063,15.779115,0.1303073979842267,0.02996608803541766,0.9997516726498122
0.0,0.028348936,0.1303073979842267,0.02996608803541766,0.9997516726498122
16.784801674865335,16.758461,0.1303073979842267,0.02996608803541766,0.9997516726498122
14.985007438798062,14.938515,0.1303073979842267,0.02996608803541766,0.9997516726498122
0.0,0.011751408,0.1303073979842267,0.02996608803541766,0.9997516726498122
18.783205914893422,18.814577,0.1303073979842267,0.02996608803541766,0.9997516726498122
20.111343601557156,20.111301,0.1303073979842267,0.02996608803541766,0.9997516726498122
15.553304745170516,15.539439,0.1303073979842267,0.02996608803541766,0.9997516726498122
18.729336992463118,18.755217,0.1303073979842267,0.02996608803541766,0.9997516726498122
12.94553550266739,12.908019,0.1303073979842267,0.02996608803541766,0.9997516726498122
18.045687016704814,18.048782,0.1303073979842267,0.02996608803541766,0.9997516726498122
18.5271200555006,18.530766,0.1303073979842267,0.02996608803541766,0.9997516726498122
0.0,0.10264945,0.1303073979842267,0.02996608803541766,0.9997516726498122
17.07086186975954,17.039467,0.1303073979842267,0.02996608803541766,0.9997516726498122
14.020347562295841,14.070102,0.1303073979842267,0.02996608803541766,0.9997516726498122
17.936959472599376,17.932106,0.1303073979842267,0.02996608803541766,0.9997516726498122
16.79581909487112,16.756187,0.1303073979842267,0.02996608803541766,0.9997516726498122
16.74702090026083,16.762106,0.1303073979842267,0.02996608803541766,0.9997516726498122
18.208928230224306,18.220219,0.1303073979842267,0.02996608803541766,0.9997516726498122
